formula,actual,predicted
DyIn3S6,1.440008048,1.22
K4Ba2Nb4S22,2.131434202,1.77
K2Ho4Cu4S9,1.281538303,2.43
Pb0.9Mn0.1Te,0.43101218,0.49
RbInSnS4,2.724489962,2.7
PbGa2GeSe6,2.091405406,1.96
EuYb2S4,1.376036041,1.6
Hg0.01Cd0.99Se,0.804016894,0.29
VO2,3.235335453,0.466
InSb0.2As0.8,0.220908555,0.12
EuIn2S4,1.384380351,1.5
CdIn30Te46,1.207731222,1.17
Cu3VS4,1.620480135,1
NaGe3P3,0.91272425,2.06
CsDy9Cd4Se18,2.073592435,1.99
Hg0.77Cd0.23Te,0.220784871,0.165
In4S5,1.37562671,0.9
BaGa2Se4,3.321355381,3.163
Ce2Sn3Se9,0.636284058,0.3
Ag2O,1.5934172,1.5324
CuIn5S8,1.23169487,1.34
BaGa4S7,3.639602747,3.54
CsCd4In5Se12,1.720132451,1.62
Cd4GdB3O10,3.689611494,3.8
Ca2Si,0.85598475,1.9
Cs2ZnGe3Se8,2.523464534,2.31
Rb1.45Pb3.1Sb7.45Se15,0.881396987,0.45
AgIn9Te14,0.722891822,1.5
Rb3CdB5O10,4.532821854,2.34
ReSe2,0.934232145,1.07
PbSe0.01S0.99,0.657554721,0.366
CsLu7Se11,1.385542555,1.78
SmB6,4.131567057,3.5
PdO,0.636454604,0.8
AgInS2,2.029721513,1.926666667
Na2TeSe3,2.214561254,1.91
PbTe,0.348029407,0.278833333
RbMoPO6,3.312024013,2.96
CaTe,3.705512309,4.185
K3Ta2AsSe11,1.658234233,1.45
CaB6,2.858178274,4.5
CoP3,0.385045222,0.45
AgInTe2,0.6540538,0.945
Cs2Cd3B16O28,4.202073924,4.76
Cu3YbSe3,0.485938524,0.2
AgAlTe2,1.160937091,1.85
OsP2,1.311886936,1.165
LiH3Se2O6,5.04092183,4.9
AlN,4.555244864,6.1
Na7Co2O6,2.82955266,0.495
PtAs2,0.369442993,0.616666667
K2Sb8Se3,0.960295659,1.31
Y6ZnSi2S14,2.733195486,2.38
Ge0.838Si0.162,0.948455195,1.319
CsYZnSe3,2.340307848,2.35
Ag4Ba6Sn4S16,1.576224307,2.37
CuInS2,1.946838502,1.536333333
Hg2Cu3Te6O16,2.559948936,2.56
Pb2GeSe4O12,4.016512353,4.1
EuTb2Se4,1.665725635,2
InSb2Se4Br,1.293089587,1.35
Ce15B8N25,1.693451442,3.5
Cs2PdSe8,1.501605742,1.5
GaVTe2O8,2.689464913,3
KCuThS3,2.154849014,2.95
LaB6,3.287090257,4.1
In0.6As0.6Ga0.4P0.4,1.296296364,1.25
Li2ZnGeSe4,2.910285411,1.86
AgIn5S8,1.348088294,1.76
Ba2ScTaO6,3.691331685,4.19
Cs6.40Na1.60Ga8Ge38,0.569303608,0.221
KCu3S2,1.682272927,1.459
CdSe,2.138819705,1.858412
LiGd5P2O13,4.11237952,3.73
Bi2AsO4Cl,3.563585582,3.43
Pb0.995TeGa0.005,0.430876574,0.37
Ta1.33Zr0.67O0.12N3.03,1.548400476,1.71
RhSSe,1.11624704,0.7
ZnSnP2,1.597905084,1.6275
CaMg2N2,2.287869871,3.25
SiAs,1.688788012,1.5
NH6PO4,4.753061403,6.805
Bi3F3I4O13,3.834487773,3.7
CsSbS2,2.126411732,2.8
Li4Cs3B7O14,6.346346569,6.53
Na2Mo2Se2O11,3.141623132,3.1
Pr2GeSe5,2.08012966,1.8
CoAs3,0.57682583,0.4
Cs2AgBiBr6,1.929286615,2.19
DyB6,3.793323208,3.3
Ga0.5As0.5Zn0.5Se0.5,1.68395349,1.52
Ce4InSbSe9,1.459961082,1.69
Mg2Ge,1.255333101,1.67
Bi25FeO39,2.767999129,2.8
Ca3B2N4,4.303551611,4
Rb2CuNbS4,2.518878734,2.64
SbI3,1.675593441,2.348
Cd5Ga2S2Te6,1.492913814,1.29
Ca10Ge16B6O51,4.093694321,5.47
CsYTe3O8,4.278790919,3.4
AgSbTe2,0.885357102,0.476666667
Dy3GaS6,3.034084563,2.81
K9Bi13S24,1.388337513,1.4
KPSe6,1.991218904,2.16
K2CuGa3Se6,1.869181368,1.72
Pb0.75Sn0.25Te,0.141796876,0.04
KGaSe2,2.167416722,2.6
BaReH9,1.737876802,3.44
RbCaBO3,4.88900291,3.67
Ba8Sn4S15,2.370067175,2.31
Li2CdSnS4,3.019535549,3.26
Tl4CuTeO6,1.510314755,2.2
Ba2GaBiSe5,1.320332839,2.21
SmAs,0.474393918,1.03
PbI2,2.12081889,2.534777778
Pb0.85Sn0.15Se,0.137619371,0.135
Ga0.58As0.58Zn0.42Se0.42,1.509562434,1.67
La2BaTe5O14,3.300048474,3.81
Li2B12Si2,1.792245425,2.27
Cu0.5Pb1.75GeS4,1.552746508,1.48
GaAs0.15Sb0.85,0.757263706,1.1
TlHg6S4Br5,2.632729303,3.03
Ga2Se3,2.313237748,2.07
TlSbS2,1.402138846,1.69
Zn2MoTeO7,3.397432921,4.1
PbCdP4O12,3.757732297,4.86
GaAs0.7Sb0.3,0.934519726,0.67
Cs2Cd3Te4,2.113098199,2.48
CsInGeSe4,1.44263476,2.32
CeFMoO4,3.380139682,2.52
AgF,4.049917614,2.8
Tl2O3,2.830616973,2.25
CdMoSb4O10,3.241094232,3.4
Er2O3,5.147194191,5.42
La2Ga2GeS8,2.556638441,2.78
Ba3V2Se4O16,3.256982583,2.87
Sm2O3,3.63882989,5
TbIn3S6,1.755906695,1.2
BaIn2S4,2.750245669,3.057
La2MnNiO6,0.53168917,1.3
La4FeSb2S10,0.986671773,1
GaAs0.3P0.7,2.012975044,2.16
NdCuOS,3.171668266,2.98
MoO3,2.653780079,3.6625
Ag2S,1.236644076,1.0325
Ba3La3Cu6O14,2.734833362,1.8
Tl3VS4,0.797033082,1.81
Tl2AuPS4,1.962016842,2.2
LiGaTe2,1.321879223,2.31
OsSbSe,0.922652118,0.4
Ba2V2Te2O11,2.481364384,3.16
FeSc2,0.269510312,0.77
LaMg2PdH7,2.637406805,1
Ga0.75P0.75Zn0.25Se0.25,2.199222827,2.18
LaGaS3,3.093207347,2.5
NaSbP2S6,2.197339992,2.21
Cd3BiP3O12,3.898626911,3.9
BaB2O4,5.418573401,6.443333333
Cu0.3Ga1.7S2.7,2.568346532,2.575
K2Cd2Te3,2.609437476,1.93
Pr2Te4O11,3.045119472,3.65
CsI,5.10707954,6.356666667
La2CoVO6,1.47087653,0.41
La4Cd4In2S13,1.898750085,2.27
TlPSe2,2.143834729,0.55
TiTe2,1.000710603,1
CsPbPO4,4.327578142,4.39
Na2BaGeSe4,1.964214738,2.25
GaSb,0.718415637,0.778253333
NaCd4P3,0.244283534,1.1
Ag0.4Cd0.5In2.2Te4,0.510083379,0.19
Ba2SnSe5,1.695415368,1.8
BaGa4Se7,2.351184094,2.64
Cd6P7,1.061695895,0.85
Ag2Ga2SiS6,3.316541829,2.35
Pb2BiS2I3,1.791529182,1.6
V2O4,2.627328654,0.66
Pb0.77Sn0.23Te,0.142565811,0.044
Ga1.005Sb0.995Te0.015,0.702244192,0.684
AgInO2,1.748806242,4.2
Ba5In4Te4S7,1.697084142,2.13
K2Mo2Se2O11,3.417657656,3.3
NdLuSe3,1.34171983,1.61
TiS3,1.258578693,0.9
Ag2.7Ba6Sn4.3S16,2.011910388,1.48
RbAg2SbS4,2.191383427,2.3
K10Zn4Sn4S17,2.726922672,3.15
AgAsTe2,0.949720823,0.8
AgS,1.828002764,1.141428571
KI,5.695151176,6.132777778
Ba3Dy2P4S16,3.319159489,3.28
Bi7F11O5,3.997278313,4.05
RbCu2AsS3,1.98887908,1.96
Bi2Te1.2Se1.8,0.21329245,0.28
Tl2GeTe3,0.775968813,0.365
Zn0.2Ba2B2S5.2,2.859838916,3.54
Nd2Se3,1.87532954,1.725
GaGeTe,0.853384967,1.1
Cu0.2Ga1.8Se2.8,1.847277109,1.86
Pr1.29Lu0.71S3,1.549558509,1.38
Tb2O3,4.285378324,3
CdS0.8Se0.2,2.183125113,2.23
Pb2Nb2Se4O15,3.571333131,2.79
PbTe0.01Se0.99,0.373581145,0.256
Rb8Ga8Si38,1.049013039,1.18
LiInTe2,1.506694854,1.46
BaAl4Se7,2.322635154,3.4
Cs2Cu3DyTe4,1.164969476,1.38
PbSbO2Br,2.969687753,2.67
Ga2Te3O9,3.54145118,4.145
Ba3ThSe7,1.554410497,1.96
AsSI,2.523525384,2.05
Cs2CuNbSe4,2.004322317,2.19
Ba2AgInS4,2.731757686,2.32
Pb0.94Se0.94Ge0.06Te0.06,0.230430828,0.28
Eu2Ga2GeS7,2.55412862,2.3
Cu3SmTe3,0.377137295,0.23
BaLa2In2S7,2.28223312,1.87
Zn0.3S0.3Ga0.7P0.7,2.252474152,2.3
Eu1.83Ta15O32,1.848758737,0.23
Eu3Se4,2.477901914,0.58
CuZn2InSe4,1.372595218,1.1
In0.6Al0.4P,1.975783083,2.12
CuIn3Se5,0.872965304,0.6
BiOCl,3.282380925,3.455
Cu2Te,1.640925182,1.0725
RbYbZnSe3,2.030669693,2.07
PdTe2,0.038356047,1.8
Ag2ZnSiS4,2.70543619,3.28
In4As5O12Br3,4.534939423,4.22
CdSnAs2,0.307930135,0.363333333
HgBrCl,3.824048468,3.4
Rb3Ta2AsS11,2.237519214,2.21
BaSn2S5,2.151434343,2.35
TiC0.9,2.352170202,0.3
Nd3Te4,0.701354741,1.6
NdAs,0.895623147,1.04
Pb0.9Sn0.1Se,0.162666894,0.123333333
Cs2PdP2Se6,1.830156643,1.6
In0.8P0.8Ga0.2As0.2,1.45793915,1.4
CuSmSe2,0.766819343,2.1
Ga0.5Al0.5As,1.876964411,2.12
TlAsS2,2.091826333,2.185
BaIn2Se4,2.30804589,2.625
CdGa2Se4,2.086871499,2.376666667
GaAs0.99Sb0.01,1.056708554,0.7
PSe,1.819369835,2.5
Ga0.99Sb0.99Zn0.01Te0.01,0.91019091,0.72
LiInS2,2.969191616,3.573333333
EuSb2S4,1.178589607,1.2
CdIn2S4,2.340772911,2.36
RbBa2P5O15,5.269878504,7.6
CeScO3,4.244206556,3.2
BaHgSe2,1.902643363,1.56
BiSBr,1.920125241,1.9
Bi2I4O13,3.6454205,3.3
CuCd2InTe4,0.910716987,0.85
Hg2I2Te2,1.67660992,1.85
Cu1.8S,1.421788258,2.3
RhSe3,0.831387243,0.7
Dy2Mo3O12,2.202823623,1.92
PrCuOS,3.047412662,3.03
Ag0.5Pb1.75GeS4,1.606808793,1.83
In0.99Al0.01P,1.455028993,1.3
Ga2GeTe3,1.084818923,0.845
K2ZnSn3S8,2.566455583,2.333333333
LiI,5.58348401,5.84
Sb8O11I2,2.885424783,2.72
Sr3Ti2O7,3.415251573,3.26
Hg0.6Cd0.4Se,0.849852091,0.95
Eu3P2,0.997313775,1.2
SiP,1.816269779,2
ZrNiSb,0.707993104,0.55
PdSe2,0.513212747,0.4
In0.01P0.01Ga0.99As0.99,1.462549554,1.43
Ba3Er2P4S16,3.052451078,3.3
PbTe0.99Se0.01,0.291572675,0.297
Pb0.999Sn0.001Te,0.201185864,0.235
Pb0.995TeIn0.005,0.42395104,0.43
Cd4As2I3,1.693193674,2.095
SmSe,2.094145498,0.46
InP,1.348654361,1.368835
Sm4GaSbS9,2.563719492,2.23
OsS2,1.353778508,2
BaIn2P4O14,4.224868893,3.97
TlTiPS5,1.960449134,1.3
AgGaTe2,0.594919481,1.1
PbSe0.95S0.05,0.282353744,0.257
PrF3,5.839633699,5.6
Cu3HoSe3,0.278268727,0.16
GeS,2.335873354,1.690090909
RbAg2TeS6,2.177207019,2.04
Ho2O3,5.338764526,5.42
Cs4Ag9Sb4S12,2.506606329,2
Cu2Ta11O30,1.423570466,2.59
KSi2P3,2.29024347,1.72
In2As2O5Cl2,4.253724606,4.62
InSb2S4Cl,2.20157787,1.8
Eu3Sb4Se9,0.747642789,1.08
Ga1.05Sb0.95Se0.15,0.771178189,0.66
Ba4Ga4SnSe12,1.856320288,2.16
Cs3Bi2I9,1.930907444,1.85
Bi1.6Te3Sb0.4,0.071352889,0.161
GeO2,5.030697104,5.576666667
Li6Al2Te8O22,3.560723427,3.63
EuDy2Se4,2.124523998,1.8
ErBiW2O9,3.017892414,3.26
Ca2SnS4,3.665761853,2.32
KAg2SbS4,2.186744699,2.2
Pb0.65Se0.65Sn0.35Te0.35,0.042249987,0.09
GdAs,1.355570562,0.63
In0.5Ga0.5P,1.895198386,1.9
Na2B6O9F2,6.293647757,7.33
CBr4,3.08313319,3.7
Cu0.15In1.85Se2.85,1.343334915,1.32
Na0.75Eu1.625GeSe4,1.882410098,2
Gd2S3,2.476968139,2.55
Na2Hg3Sn2S8,2.557632528,2.45
BiI3,2.041748477,1.931571429
HgSc,1.683188488,0.24
Sn0.5GaZn3.5O6,3.395966966,2.99
K10Mn4Sn4S17,2.242821875,2.3
Ba2In2S5,2.913778324,2.47
CsInS2,3.130596684,3.4
CaLa2S4,2.552765338,2.7
InSb0.5As0.5,0.183347542,0.1
CsAu,0.126960237,2.3
Hg0.14Zn0.86Te,1.609945424,1.695
Cs4Pb4Ge5S16,1.810720565,1.95
Hg0.25Zn0.75Te,1.307659801,1.31
Ho2Mo3O12,1.961135395,1.375
BaTe,2.77554472,3.4
Ba2GaYTe5,1.319184433,1.08
EuTe,1.19888208,2.007
Hg0.72Cd0.28Te,0.264501355,0.21
K2AuPS4,2.479980378,2.63
TiNiSb,0.841565642,0.42
Cu3DyTe3,0.261835571,0.34
LiGaS2,3.558321034,3.843333333
RhAs2,0.606725923,1.15
ZrSe2,1.766703709,2
Gd2Te3,0.909775248,0.74
Rb7Th2P6Se21,2.032363629,2.07
AsSb,0.624970474,1.6
CaZnOS,3.811000987,3.7
Sr2Bi5.42La2.58S14,1.214873332,1
EuH2,2.997163677,1.85
Rb2Hg3Ge2S8,2.620088512,2.8
YbIn3S6,1.252859258,1.31
AgTlSe2,0.890474366,0.72
GaP,2.127343499,2.76
RbBiSe2,1.111295864,0.846666667
Pb0.99Se0.99Ge0.01Te0.01,0.249119207,0.23
Ca4Bi6O13,3.364921601,2.76
PrTe1.9,0.983242798,1
Cs6Na2Zn4Ge42,0.853817857,0.297
Zn3V2TeO10,2.603876942,2.96
Pb0.99Te0.99Ge0.01S0.01,0.241503933,0.32
CsSmCdSe3,2.636360758,2.46
Bi2YVO8,2.911236221,2.09
SnS0.4Se0.6,0.959989244,1
Cu3ErTe3,0.219203853,0.24
Rb2CdP2Se6,2.418015141,2.58
Bi24VO41,2.716619062,3.25
Ba2ZnTe3,2.651089039,2.1
HgBr2,3.363754127,3.59
Cu3YSe3,0.601311956,0.88
Li0.5Pb1.75GeS4,1.746724389,1.95
MgGeN2,3.586916674,4.3
AgGaSiSe4,2.615861836,2.63
Ce10OSe14,2.040054864,1.93
Ga0.01Sb0.01Zn0.99Te0.99,2.131293932,2.1
YClMoO4,3.405728643,3.82
PdS,0.419054341,0.5
Pb0.85Ge0.15Te,0.282722142,0.36
Cs2TiAg2S4,2.066237365,2.44
NaAsSe2,1.608586025,1.595
GaAs0.01P0.99,2.19020758,2.23
Cs2Al2B2O7,6.10604979,4.13
Pb0.99Se0.99Sn0.01Se0.01,0.187220431,0.31
Tl2PrInSe4,1.539987856,0.93
CuIn3S5,1.401998004,1.2
As2B12,2.822351541,1.51
K2CdP2Se6,2.525620683,2.58
Cu0.5In1.5Se2.5,1.177026625,1.24
Hg2Cl2,3.215624445,3.38
CsZn2B3O7,3.154032061,5.69
Cs2Cu2Sb2S5,1.660236985,1.6
IrP2,0.918499576,1.05
BaV2SeO8,3.564030263,2.13
RuS2,1.101102727,1.8
Li2In2GeSe6,2.131911052,2.3
Ta0.67Zr1.33O0.42N2.61,1.510371427,1.93
K2Gd2Ti3O10,3.453543482,3.3
GdB66,0.819612118,1.27
Hg0.7Cd0.3Te,0.224115007,0.31
K2Ag3Sb3S7,2.171279737,2.2
CuInGeSe4,1.084518714,1.3
Rb2TeBr6,2.467861602,2.14
BiFeSe3O9,2.488946559,2.54
CdGeAs2,1.166731887,0.658888889
Ag2CdP2S6,2.632689489,2.49
KZn4B3O9,3.928545384,2.32
GaAs0.5P0.5,1.921667356,2
Sn2BiS2I3,1.306266289,1.06
KRbBi8Se13,0.580724174,0.64
Pb0.85Se0.85Ge0.15Te0.15,0.227925543,0.32
Gd2ZrS5,1.422916404,1.88
RbAg5P2S8,2.232306852,2.4
CuCdInSe3,1.300888554,1.66
Sm2Mn3Sb4S12,1.456778711,1.5
In0.2As0.2Ga0.8P0.8,2.126278173,2.15
K8Ga8Si38,1.221449014,1.18
Se0.5Te0.5,1.217539144,1
KEuAsS4,2.198114683,1.89
ZnSnO3,3.502279583,3.9
Cs2B4SiO9,5.753585186,6.53
La3Sb0.33SiS7,2.320824847,1.92
Ba5CdGa6Se15,2.44818367,2.6
Pb0.83Sn0.17Se,0.133176878,0.035
Cd3Bi2,-0.225642502,0.2
Pb4Sb6Se13,0.577403235,0.65
Na8Eu2Ge4S12,2.709025842,2.15
DyTe1.40,0.711816365,0.6
PbCoO3,2.07633875,0.28
PbTe0.5Se0.5,0.278768651,0.285
LaH2NO5,4.712053263,4.76
Ba2GaSmSe5,2.201813939,2.27
Ga0.01Al0.99P,2.950198386,2.49
OsP4,1.283102914,0.5
Nb2O5,3.293969278,3.08
Ba2SnSe4,2.290364281,1.9
CdSnP2,1.180768766,1.30625
SnTe,0.491454934,0.33
Ga0.5P0.5Zn0.5Se0.5,2.129189673,2.13
Pb0.8Sn0.2Se,0.125123328,0.066
Pb0.75Sn0.25Se,0.113458954,0.04
Bi2Mo2Se2O13,2.450563273,3.15
LiBr,6.853370444,7.725
Na3ZnB5O10,4.091092705,3.2
GaAs0.4P0.6,1.98233537,2.1
CuFeSe2,0.24196243,0.155
K2ZnTe2,2.384309426,3
K2Cu2ThS4,2.943122072,2.17
RuAs2,1.185805823,0.8
TlCr5S4Se4,0.777329802,0.85
Zn0.55Hg0.45Se,1.06840051,0.8
Ba8Al10B12O41,4.357135689,3.1
LiZnN,1.878691032,1.945
Ba8Ga10Si36,0.590653535,0.31
Na2Hg3Ge2S8,2.665297811,2.68
Bi24BO39,3.180348214,2.91
Ba3P3O10Cl,5.189498406,6.89
BaO,5.277012085,4.8
SrPb3Br8,2.687256846,3.2
Ba23Ga8Sb2S38,2.311902566,2.84
B12P2,2.024253336,3.3
CsAg2TeS6,2.170297202,2.04
Hg0.9Cd0.1Se,1.117540759,1.373333333
Cs3Nb9Te4O32,3.160558034,3.22
Ge0.8Si0.2,0.962466505,0.86
Cu2GeS3,1.824345556,0.53
Na2EuGeSe4,2.157768014,2
DyPO4,4.352900168,6.38
PrBN2,3.475934853,4
Li9Ga13Te21O66,3.43236036,4.45
KV2I3O13,3.411754809,2.3
Gd2Mo3O12,1.932733026,4.12
Ge0.653Si0.347,0.990301782,1.914
ThOS,2.021999858,2.22
BaB6,3.837768502,2.64
GeP,1.736980232,0.95
Bi6Cu3S10I,0.59060359,0.72
Sr5V3O12F,3.833264203,4.5
RbBi3Se4Te,0.293971257,0.8
BiSeI,1.291649815,1.3
CsSmHgSe3,2.241424428,2.374
CdTeO3,3.974222088,3.73
Cd2V2Te2O11,2.895537959,2.48
ZnAs,1.257530917,0.9
Cu2ZnSiTe4,1.549375282,1.47
Hg4As2ZrCl6,2.722527289,2.48
Ce2YbCuS5,1.697885725,1.37
Ba4B11O20F,5.055530299,7.1
Ba2InYSe5,1.982815416,2.31
Pb0.95Mn0.05Te,0.610534665,0.37
Rb5BS4O16,5.313328258,3.99
Pd3P2S8,1.362540984,2.12
Ba3MgTa2O9,4.000027705,4.28
ErB6,3.240743105,3.5
Hg4As2UCl6,2.494304545,1.9
Ag2CdGeS4,2.52000024,2.32
SnS,1.402333635,1.196727273
Ba4Ge3Se9Cl2,2.013319236,1.89
P2Se3,2.112909906,2.4
Hg6P6In2Cl9,3.026297516,3.13
AgFeSe2,0.265026294,0.23
La4InSbSe9,1.215555007,1.76
EuBiW2O9,3.207150642,3.63
CdS0.35Se0.65,1.955181899,1.93
Ca3La2Sn3S12,1.815764378,1.45
KF,10.37259448,10.3
Si30P16Te8,1.32588558,1.24
Cs2Ga2S5,2.928049101,3.26
CsInTe2,1.376221741,2.16
RuP2,0.889009333,0.9
PrSb,1.098379759,0.66
SnGa2GeS6,2.788656541,2.04
AlVTe2O8,3.13409917,2.9
Cu2CdSnSe4,0.822950477,0.96
TlBr,2.609426367,2.991275
YbSb2Te4,0.543886879,0.34
Pb0.999Se0.999Sn0.001Se0.001,0.215472054,0.2775
La2YbCuSe5,1.112126,1.15
Rh0.67S2,0.771331034,1.5
K2Cu2Sn2S6,1.374500364,1.47
NaIn3S5,2.575230923,2.18
BiPO4,3.732106718,3.85
BaBiO2Cl,3.686559596,3.71
Sr3Se3O8Cl,5.92349197,4.4
NbSe2,2.546469699,1.4
TlScS2,1.270092867,1.51
RbPbPO4,4.264581572,4.35
Ba6Sn6Se13,1.478219472,1.52
In2S3,1.963784436,2
Cs3Sb2Br9,2.321625409,2.3
Pb0.59Ge0.41Te,0.498515114,0.49
PrO,3.105630053,0.55
Ca5B3O9F,6.827570548,6.53
SrPr2S4,2.248304187,2.7
Pr2S3,2.024194801,2.64
In2P3B1O12,3.409486303,5.39
Er2Se3,1.715631707,1.66
Ba3Ta5O14N,2.382533557,2.8
YB66,1.327349568,0.8
Li6Ga2Te8O22,3.591371103,3.85
RbCu2SbS3,1.54644043,1.67
Zn2MoSeO7,3.272012426,4.2
BiTeI,0.977024197,0.46
CdAs2,0.730882342,1.066666667
Ce2S3,2.337820433,1.12
Gd1.05Sc0.95Se3,2.19146405,1.2
Cu2Ta4O11,2.307988524,2.65
SnSe2,1.366395813,1.62
CaSnO3,3.578620242,4.4
PbTe0.05Se0.95,0.344960758,0.262
Ga0.95Sb0.95Hg0.05Te0.05,0.729939938,0.69
UY4O3S5,1.463201856,1.95
La2O2MnSe2,1.343855877,1.6
AgInSe2,1.332675271,1.182857143
Nd2ZrS5,1.140044247,1.83
Tl2Hg3Te4,0.841962816,0.9
Cu3TmTe3,0.249333954,0.14
Sc2O3,4.806526295,6.1
Pb10B3O13Br3,2.863169397,3.25
Ga0.01P0.01Zn0.99Se0.99,2.477442311,2.6
AsBr3,3.303921345,2.6
Ge0.06Si0.94,1.154465267,1.06
Ge40.0Te5.3I8,0.358825167,0.8
CuAlSe2,2.472764959,2.6
TlInGeS4,2.704638731,2.3
Ga1.02Sb0.98Te0.06,0.737731596,0.68
Cu0.05Ga1.95S2.95,2.614404259,2.67
TlCr5Se8,0.416585485,0.67
Cs2Te,2.516151975,3.5
PbBiBO4,3.435727997,3.2
CsBi3Se5,0.677971144,0.43
Hg0.4Cd0.6Se,0.598297832,0.7
Ir0.67Se2,1.103570314,0.45
CsSmZnSe3,2.551493893,2.53
Ga0.95Sb0.95Cd0.05Te0.05,0.822224121,0.74
LiMgAs,1.631386812,0.7
MgSiN2,4.718849425,4.05
K10Zn4Ge4S17,2.945412199,3.34
In2GeTe3,0.396434874,0.69
Zn6S5Cl2,2.351560469,2.71
InAs,0.25181195,0.396785714
BiOI,2.235851871,2.005
Li2ZnSnS4,3.028433782,2.87
Rb2AgVS4,1.804944701,1.83
Cd4LuB3O10,2.894936926,3.7
DyTe1.7,0.584118933,0.35
KFeCuTe2,1.514159221,1.06
K2Ge4Se8,2.381960713,1.8
Pb0.8Ge0.2Se,0.388783749,0.35
Cs4Zr3S14,2.341584038,2.35
Cu2Te3O8,1.87686707,2.64
BaGa2S4,3.400013445,4.125
KBaB5O9,6.397954869,3.65
Cd3In2S2Te4,1.240376952,1.23
Tl2CeP2S7,1.568414625,2.4
Cs2CdP2Se6,2.476794275,2.63
BP,2.91079032,4.2
GaAs0.6P0.4,1.854621027,1.91
ZnO,4.591358442,3.402809091
Ba5Ga6SnP12,1.697787257,1.21
Pb0.99TeIn0.01,0.406195626,0.53
GaN,4.4262443,3.441
Na8CsB21O36,5.129275789,4.67
Er3SmSe6,1.863899348,2
Cs3Bi2Br9,2.326584008,2.5
Ag2GeS3,1.932207187,1.98
Ga0.25Al0.75As,1.986726107,2.42
Ba4CuGa5Se12,2.141931803,1.45
DyN,1.950390873,2.35
KBaSbSe3,2.386555369,2.04
K2TiCu2S4,2.270189981,2.04
Cu3TaS4,2.103713036,3
Bi2Te3,0.068988748,0.25
Ga0.28In0.72As,0.513672021,0.55
Pb0.92Se0.92Sn0.08Te0.08,0.117943129,0.22
NaI,5.961808162,6.074
CsNbSe2O7,4.222851458,4.2
Pb2O3,2.785152923,1.67
AgGaGeS4,2.438175947,3
Nd4InSbSe9,1.675702306,1.57
CsAsSe2,1.946320265,1.93
Ge0.3Si0.7,1.078066121,1
KInSe2,2.655123463,2.68
Se0.6Te0.4,1.205933618,1.2
Pb0.99TeGa0.01,0.435497661,0.42
Ba2GaNdSe5,2.132888162,2.18
Cd4V3Te3O15,2.544865889,2.66
Ba2V4Te3O18,3.003743136,2.64
Rb2Cd3Se4,2.563580121,2.37
NaInSnS4,1.958760219,2.4
EuBi2Se4,0.96961164,1.02
PbGa2SiSe6,1.776936745,2.17
Li4SrB2O6,6.517699842,6.67
RbCu2VS4,2.139126648,1.45
Ga0.01As0.01Zn0.99Se0.99,2.367819638,2.59
Ce4Te7,0.667111426,0.5
IrSSe,1.534903382,1.2
Pb3BiV3O12,2.064042967,2.5
BaCu2SnSe4,0.819147084,0.48
NaB15,2.48704266,0.32
NaLaS3,3.032744607,2.61
Ge0.02Si0.98,1.16718856,1.08
Bi2Te0.9Se2.1,0.263864283,0.28
Cs2ZnGe3S8,2.891420481,3.332
Hg4P2HfCl6,2.93397286,3.26
CsF,9.145202952,10
NaInS2,3.089151847,1.9
Th2GeSe2,0.242593778,1.98
Rb2GeB4O9,5.891531797,5.54
BaSi2,0.958344394,1.3
Bi14.7In11.3S38,1.783937941,1.45
Ga1.002Sb0.998Te0.006,0.700135894,0.7
Pb0.61Ge0.39Te,0.475371152,0.56
K6CdTe4,1.81801299,2.51
InP2S4,2.988039705,2.585
Bi12SiO20,3.013240289,3.225
EuBi2Te4,0.471864645,0.44
K2RbSb,1.280547833,1.2
CaI2,4.654172704,5.98
Na0.5Pb1.75GeSe4,1.454061986,1.6
PrTaN2O,1.710203318,2
Cu0.99Ga1.01Se2.01,1.592295745,1.59
Tl2InGaTe4,1.190004687,0.88
PtSb2,-0.162973673,0.117444444
Pb2B3O7.5H2,4.130139638,4.42
CsCu2SbS3,1.616080037,1.63
CeBiW2O9,2.956352249,2.34
PdPSe,0.769177908,0.15
Li4.5Mn0.5TeO6,3.262237717,1.97
Cu0.9Ga1.1Se2.1,1.531639875,1.593
Er2Te3,0.713576565,0.9
BaAgSbS3,2.624656586,2.2
Cu0.2In1.8Se2.8,1.329206336,1.26
CdIn,0.71733187,0.6
EuSe,1.486667001,3.1
GdIn3S6,1.491881437,1.13
K3Ga3Ge7Se20,2.277700332,2.23
CsCeCdSe3,2.364534578,2.4
CdTe,1.471865327,1.5494375
RbCd4Ga5Se12,2.160759747,2.19
Cs10Cd4Sn4S17,2.848182754,3.16
RbScSe2O6,4.911490646,4.9
InS,1.815326294,2.0125
Hg4As2.5InBr3.5,1.907022771,1.71
SbSeBr,2.161787744,1.855
OsSbS,0.774686506,1.2
V2O5,2.304917571,2.391666667
Cu3TbTe3,0.299112098,0.46
Tl4Ta2S11,2.407667547,1.26
SnS0.25Se0.75,0.954572923,0.965
CdIO3Cl,4.154028844,4.3
SrCrO4,2.755275737,2.45
AgAsSe2,1.513904614,1.4
Ga1.01Sb0.99Se0.03,0.652853596,0.62
NaBa2Cu3S5,1.520773448,0.45
Li2B4O7,6.734543332,7.3
TlS2,2.201502972,1.8
Tm2O3,5.023825202,4.53
LiB3O5,6.701009342,7.843333333
Ba2BiInS5,1.992700143,1.55
EuTm2Se4,1.523262493,1.8
NaInTe2,1.740830398,1.6
Cs2Hg3S4,2.232107594,2.8
SnBr2,2.946102099,3.45
Ga0.9Sb0.9Cd0.1Te0.1,0.828760134,0.78
CsMn4Ga5Te12,1.362231902,1.55
Bi3Se2NO11,3.377247409,3.59
Cr2O3,0.903157291,3.4
Ba3CdSn2S8,2.534351147,2.75
Pr4Te7,0.823513045,0.46
SrZnSO,3.802947294,3.1
NaCl,7.683267146,8.5
TlPrSe2,0.905446929,1.18
CsTb9Cd4Se18,1.845483781,1.95
La2O2FeSe2,1.492080671,0.7
Pb3Br2Se2O6,3.470242468,3.73
Ba3Sn0.87Bi2.13Se8,1.514555776,0.79
Tb2Mo3O12,1.944269787,1.505
HgS,1.339049411,2.1
Cs2Sn3Sb2S10,2.627382177,2.34
LiGaO2,6.779754972,5.6
KBaAsSe3,1.811656182,2.26
GaTc,1.603477274,1.42
Ba3ZnTa2O9,4.278396289,4.32
In2Se3,1.291585593,1.2
BaPrO3,2.967153568,2
In2Te,0.693132525,0.46
RhP2,0.543429593,1
Pb0.8Se0.8Bi0.4Te0.6,0.290300885,0.22
ScN,2.930276312,2.6
LuP,1.482199516,1.3
BaCdSnS4,3.00280998,2.3
Pb0.95Se0.95Ge0.05S0.05,0.326398671,0.29
NiC2N2,2.850541058,2
CuPbBiSe3,-0.013097488,0.07
RbNb3Te2O12,3.55485439,3.49
KUO3Cl,3.018546436,2.37
Tl2TeI6,2.186159899,1.485
NaAsS2,1.970299769,2.28
ScNiSb,0.339746966,0.11
AgNb2PS10,1.45482452,1.78
Cu2In4Te7,1.223821385,1.1
ZnGeP2,1.565401952,2.16
Cu0.5Ga1.5Se2.5,1.818175293,1.76
Na2CdGe2Se6,2.194648526,2.37
Na2Ga2GeS6,3.558681598,3.29
Sr4Te3O8Cl4,4.022643065,4
LaTaN2O,2.114425334,2
Mn3Ta2O8,2.65056395,1.89
NaAlGeS4,3.898467478,3.6
In0.97As0.97Cd0.03Te0.03,0.654668572,0.71
Cu0.95In1.05Se2.05,1.160149755,1.07
NaNb2PS10,1.966887087,1.72
K2SmP2S7,2.296151947,2.59
HgTe,0.059736269,0.171666667
Cu3Ta7O19,1.848874002,2.47
BaGa2SnSe6,1.813662633,1.775
Sm2YbCuS5,1.827029558,1.28
Ag0.25Cd0.5In2.25Te4,0.431159883,0.39
Na2PtI6O18,2.351631994,2.4
GaAs0.8P0.2,1.766942066,1.62
Cu0.15Ga1.85Se2.85,1.948134758,1.92
KYTe2O6,3.80723695,3.8
CsGaSnSe4,2.164561541,1.97
K3Ga3Ge7S20,3.019279413,3.25
TbSb2BO8,3.322338359,3.53
Cs2Ba3P4O14,5.531280926,6.31
CsEr9Cd4Se18,1.779667625,2.09
CsInTe3O8,3.916436985,3.9
Ga0.1P0.1Zn0.9Se0.9,2.580659635,2.3
K2.15Pb1.7Sb8.15Se15,0.848503146,0.6
Bi1.4Te3Sb0.6,0.098051899,0.167
In0.8As0.8Ga0.2P0.2,0.816592021,0.85
Na7.36Ga7.24Sn4.78Se24,1.64087933,1.5
LiSbTe2,0.723487899,0.129
Ba2InDyTe5,1.342817987,1.35
Pb0.93TeTl0.07,0.466327901,0.54
Li8GeN4,3.088711607,2.61
Zn2LiGaO4,3.83522893,4
Pb0.85Se0.85Sn0.15Te0.15,0.075938493,0.18
Ag1.75InSb5.75Se11,1.310107033,0.94
Rb3Sb2Br9,2.08402008,2.48
LiSm3SiS7,2.312982117,2.83
Ba1.88Ta15O32,1.830954061,0.13
Cd3Sb2,0.667494731,0.3
RbIn5S6,2.650929391,2.5
AgPbBiSe3,0.246521218,0.13
SrO,6.019727648,5.735
Cu3SbS4,0.957789201,0.85
MnP4,1.070421308,0.28
Cu0.1In1.9Se2.9,1.392508551,1.45
Rb4Ti3S14,2.156964444,1.59
Hg7InS6Cl5,2.798932878,2.54
Ba5V3O12F,4.5664024,3.85
In0.94As0.94Cd0.06Te0.06,0.650468752,0.68
RbCd4Ga5S12,2.966456033,3.02
Cd4P2Cl3,3.163115151,2.205
SnGe,0.46047407,0.6
Ba2InGdTe5,1.168326254,1.36
LaSb,0.634006343,0.8
Hg3PS3,1.868658784,1.98
Sm2Se3,0.860881087,2.3
Pb0.95Sn0.05Se,0.185989372,0.12
Hg2Br2,3.055835943,2.6
GaS,2.745277646,2.586515385
RbGaSnSe4,1.935801825,1.88
RbCu4AsS4,1.31424854,2.15
K3B6O10Cl,6.295984582,6.89
CsTa3Se2O12,3.852333752,3.88
BiSb0.15,-0.293200461,0.022
K6Nb2.97Ta1.03S25,1.929687691,2.01
CsBi2,0.887788823,0.55
In0.8Al0.2P,1.723921022,1.7
La2S3,2.209195994,2.77
UO2,2.391530571,2.18
CuSbS2,1.527098243,1.39
Bi4PdSe4O12,2.648219356,2.06
Pb0.98Te0.98Ge0.02S0.02,0.218032434,0.34
AgCd3PS6,2.149994865,2.56
ThOSe,2.068628631,1.65
CsGdZnTe3,1.941689352,2.13
ZnSnAs2,0.689418425,0.703333333
Lu2O3,5.833241271,5.5
OsPS,1.407738566,1.4
CsCd4Ga5Te12,1.565310691,1.67
Ga0.85Al0.15As,1.784010768,1.6
GdTe,0.891411989,1.3
Li4Rb3B7O14,6.592530061,6.53
CdIO4H,4.29519463,4.35
GaAs,1.349909096,1.48194
Gd4GaSbS9,2.054831549,2.41
RuSe2,0.969758803,1
TlGaTe2,0.840327446,1.8
PbSb2Se4,1.042623414,1.8
CaBi2O4,3.13075566,3.08
ReO3,2.961950979,2.3
Tl2S,1.214129416,1
SbSi,1.163626218,1.9
Ba4Si3Se9Cl2,2.48504427,1.76
Hg0.8Zn0.2Te,0.311686993,0.075
ZnSiAs2,1.529450017,2.12
Bi0.4Te3Sb1.6,0.334627686,0.208
Cs4GeP4Se12,2.047441059,2
Ba3Nb2Se9,1.509621532,1.3
K2CuIn3Se6,1.332422817,1.68
Al2S3,3.569969764,4.1
CeF3,5.357780461,4.85
Eu3Bi4S9,0.932242558,1.18
KBiCu2S3,1.902421568,1.29
Cs2AgVS4,2.097094555,1.77
AgIn3Te5,0.502132186,0.68
Tm4Sb2Se11.68,1.366458353,1.22
K2AgSnSe4,1.86722387,1.8
CdS0.55Se0.45,2.092685398,2.05
Sn2S,0.476244091,0.9
K4Nb2S11,2.315954194,2.243333333
Eu3Sb4S9,1.34978366,1.2
SiP2,1.873329326,1.89
TlGaS2,1.983444799,3.4
CsTbZnTe3,1.755696537,2.12
K2Cd3Se4,2.33191004,2.36
H2Ti6O13,3.436568852,3.4
NH7Se2O6,5.931786912,4.81
Ta0.67Zr1.33O1.89N1.63,2.545809297,2.48
LiBi4Nb3O12,3.010018857,3
Dy2S3,2.173176537,2.955
La2NiVO6,1.146379575,0.45
Ag2MoI4O14,2.660602365,3.06
SnO2,3.15016826,3.597
CsGe5BO12,4.981315899,4.89
Ag3AsSe3,0.776367604,2.088428571
KSbSe2,1.387949195,1.47
Y3GaS6,2.024401458,2.88
Tl2TeBr6,3.316083107,2.06
Hg0.65Cd0.35Te,0.294540719,0.28
NaSb,0.877978539,0.82
BiOBr,2.547216262,2.924
PdP2,0.689542605,0.65
RbBr,6.268197744,7.45
AsI3,2.013446707,2.433333333
Sr0.5TaO3,3.240115391,3.7
NaH3Se2O6,5.045585945,4.9
Ba2InTaO6,3.988934049,4.17
Th2Se5,1.97360019,0.37
Cs2AgBiCl6,2.455759929,2.77
Ga0.99Sb0.99Cd0.01Te0.01,0.840466351,0.72
BaUSe3,1.152555981,1
OsTe2,0.21839283,0.3
RbInS2,3.219779156,3.3
KCd4Ga5Se12,1.996716607,2.16
Ga0.9Sb0.9Hg0.1Te0.1,0.649059027,0.65
Zn0.99Hg0.01Se,1.924701291,2.6
KAgAsS2,2.36473145,2.21
GaAs0.2P0.8,2.063987463,2.2
ZnGa2Se4,2.282957848,1.72
Eu3As2,0.988839543,0.6
Mg2Pb,0.392654658,0.097
Ge2Sb2Te5,1.643803365,0.5
PbGa2Se4,2.288546421,1.83
Zn0.95S0.95Ga0.05P0.05,2.878574144,2.85
TlCr5S3Se5,0.818818116,0.8
Ir2Sn3Se3,0.261903809,0.43
Nd2Sn3Se9,0.616200833,0.5
Rb3Sb2I9,1.395106077,1.94
CsBiSe2,1.027610242,1.07
CrO3,2.804536651,1.4
Na3WO4Cl,4.256460389,4.99
Ba6Ga2SnSe11,2.131179889,1.99
Ga0.3As0.3Zn0.7Se0.7,1.95765541,1.93
SnSi,1.27857916,0.59
Tl2Hg3Se4,1.605210293,1.57
Sr8.007Ge2.043Bi7.949Se24,1.175322907,0.74
Mg2Co,1.175670651,0.66
NdB6,4.090025761,4.9
Mg2Sn,1.073022,0.272307692
LiCa3As2H,1.903088338,1.4
AgP15,2.721098649,1.47
BaGe2,0.718833785,1
AgI,2.808779796,2.932183333
InBi2S4Cl,1.69216065,1.5
Pr2.48Tb0.52Ga1.67S7,2.564416078,2.61
AgAlO2,2.847141612,3.6
Pb2BO4H,4.253513902,3.76
Ga0.7Al0.3As,1.849115988,1.81
K2Ta15O32,1.987222566,0.33
NiO,1.765774448,4
RbPSe6,2.028577298,2.18
Ga0.01Sb0.01Cd0.99Te0.99,1.354377109,1.35
CoSb3,0.115435248,0.495
Tl3CuNb2Se12,1.017818289,0.8
CuGaO2,3.422718842,1.47
CsMn4In5Se12,1.531958115,1.79
EuSnTe2,0.973896368,0.6
Bi2SI2O11,3.581609052,3.74
Ce2O2FeSe2,1.600613753,0.64
PtS,0.833852556,0.606666667
Ca3N2,2.605454552,1.55
SrTiO3,3.228529453,3.4125
TlBiTe3,0.24659705,0.5
K2Cu2Sn2Se6,1.089094367,1.04
AgPdI3O9,2.148378757,1.5
Ca2SmTaO6,3.651329951,3.45
EuO,3.599383163,1.119
Sn3As2,0.085485587,0.47
CuScO2,3.645426638,3.3
NaCeS3,2.022051608,2.15
SnGeS3,1.92245676,2.23
Ba4CuInSe6,1.886799231,2.23
ZnGeN2,3.666050944,3.05
SnO,2.25097957,3
Ag7AsS6,1.275042987,1
Cs1.13Cd1.13Bi2.87Se6,0.74067494,1
TlPTe,1.084974697,0.3
ZnSnSb2,0.638450534,0.35
AgO,2.536671051,1.57
Hg0.796Cd0.204Te,0.263611708,0.0635
ZnSiP2,2.671245346,2.07
RuTe2,0.581308701,0.25
BaTaO2N,2.46600286,1.78
Pb3BiP3O12,3.92230281,3.7
K8Ce2I18O53,4.067562425,2.34
Cd0.01Te0.01Al0.99Sb0.99,2.288307412,2.21
CsSbTe2,1.458939324,0.43
KH3Se2O6,5.045207737,4.936666667
ScTiNbO6,3.47698659,3.58
Ba5Ga6GeP12,1.834699469,1.39
PbGa4S7,2.763413775,3.08
Ce1.3Lu0.7S3,1.241143528,1.25
La2ZrS5,2.146283382,2.01
La2Se3,2.100191995,1.773333333
Cu0.4In1.6Se2.6,1.247993166,1.32
In2Se2O7,3.95962232,2.97
Cu0.7In1.3Se2.3,1.177666785,1.1
EuSb4S7,0.918448161,0.98
Na2ZnSn2S6,2.18040045,2.93
YFMoO4,4.094345759,3.78
CdP2,2.094947388,2.1035
CaGd2S4,1.661128944,2.55
Na2Hg3Si2S8,2.552887537,2.86
CoAsS,0.640330171,0.6
Cs2Hg5.75Cd0.25S7,2.009773361,1.66
YNiSb,0.290025669,0.235
La3CuGeSe7,1.428607726,2
SmBiW2O9,2.99732656,3.39
Ba4Ge3S9Cl2,2.674011611,2.91
Sb3O4I,2.731533072,2.61
Pb4Ga5GeS12,2.071315886,2.35
Rb2CuNbSe4,2.180052113,2.19
KSbS2,2.26379745,1.69
Bi12PO20,2.763687505,3.25
La3LuSe6,1.521890712,1.26
Cu2ZnSiS4,2.885646538,3.15
Nd2HfS5,1.889047233,0.7
ThO2,2.707181006,3.4
Li4.5Al0.5TeO6,4.95601672,4.9
SrThP2S8,2.129988099,3.02
Cs4BiAs3Se7,1.747505925,1.02
TiSe2,1.526170252,1.55
Li6Mo6Se6O33,3.127949865,3.3
Na2Be4B4O11,6.246239542,7.3
K4In4P6Se20,2.042853488,2.2
La3Te4,1.090984133,0.43
Li2CdGe,0.997932347,0.99
CsZn4In5Te12,1.537553647,1.61
Pb2SbS2I3,1.427143206,2
LaCuOTe,2.55960188,2.31
LiSbS2,2.076071006,1.36
SnS0.8Se0.2,1.271355717,1.05
LiBi4Ta3O12,2.998664698,3.5
Cs3As,0.809149523,0.6
AgBiSe2,0.308363315,0.34
La2Ge2Se7,1.176996534,1.08
CuBr,3.301174943,2.998325
LiBiS2,1.356361012,0.16
Nd4Ge3S12,2.417192673,2.62
K2Hg3S2.69Se1.31,2.443681996,2.28
Bi0.6Te3Sb1.4,0.257295477,0.197
Pb2Bi5.9La2.1S14,1.043840208,1
Ga0.4Al0.6As,2.152607078,2.3
RbBi3Se5,0.719713807,0.57
PbBiO2Cl,2.818596809,2.45
K2Se,3.027264408,1.8
Ir0.67S2,0.946567228,2
Pb0.97Se0.97Ge0.03S0.03,0.326738617,0.28
Cu0.2Ga1.8S2.8,2.606512699,2.675
Na2In2SiS6,3.431422441,3.27
Cu2Ga4Te7,0.725724596,1.13
In0.4As0.4Ga0.6P0.6,1.75058213,1.85
Dy4S4Te3,1.765639742,1.43
K1.46Sn3.09Bi7.45Se15,0.141740469,0.39
NaLa2TaO6,3.940250258,4.5
As2Te3,0.998790881,1.67375
RuAsS,1.274379191,1.2
BiCuOS,1.27226634,1.07
Sm2Te3,1.367976629,0.7
AsNMg3,3.116670852,1.332
As4S4,2.08180535,2.4
EuSb2BO8,3.670612728,3.46
SrLa2S4,2.5236193,2.85
BaTeMo2O9,2.668477964,3.12
RbZn4In5Se12,1.790895331,1.76
Eu2Se3,2.4678136,1.02
Dy2Te3,0.596609967,0.69
P2Se5,2.390844433,2.2
CsRbP2Se8,2.408234566,2.41
Ce4Ge3S12,2.356814344,2.3
Zn3Sb2,0.953037672,0.176666667
K2Hg3Ge2S8,2.753827644,2.67
Pr4InSbSe9,1.631613206,1.89
K3Bi2I9,1.722314867,2.1
GaAs0.01Sb0.99,0.681094631,1.37
Na2Hg3S2.51Se1.49,2.005342025,2.03
K0.8Hg1.2Sn2S8,2.828100473,2.78
OsSb2,0.386847723,0.236666667
Pb0.98Se0.98Bi0.04Te0.06,0.292395172,0.28
AgAsS2,2.219578972,2.2
Pr2Te3,1.039378404,1.32
CsYbCoSe3,1.086330896,0.95
Hg4P2ZrCl6,2.992066483,3.22
PbMnIn2S5,1.415692064,1.45
TmAs,0.841005596,1.18
Tl2Hg3S4,2.020671625,2.05
CsSbS2O8,4.446639388,4.68
KTaO3,3.72746835,3.5
CuAlS2,3.178843702,3.5
SrB6,3.493498589,3.68
Pb0.96TeIn0.04,0.423648158,0.37
La2HfS5,2.032780596,0.7
In0.99P0.99Ga0.01As0.01,1.383877821,1.3
CuIn3Te5,0.917932514,1.1065
Ge0.9355Si0.0645,0.889872869,1.042
Cs3W3PO13,4.001945213,3.27
Li6Fe2Te8O22,2.881890335,1.98
Ga0.1As0.1Zn0.9Se0.9,2.300475115,2.34
Ce3MoO7,1.784504756,2
BiSe,0.080211324,0.4
Bi2S3,0.711909945,1.32
Ba4Ga2Se8,2.405030603,1.63
RuSbTe,0.545357739,0.5
CsCl,7.386141956,7.95
Pb0.8Se0.8Sn0.2Te0.2,0.053359628,0.14
Hg2I2,2.175762546,2.37
Bi3In4S10,1.585169701,1.42
Nb6VSb3O25,3.119717861,3.2
Pb4V2Se6O21,2.880541486,3.37
LaCuOSe,2.664256632,2.83
InSe,1.115645994,1.254725
InBi2S4Br,1.489665291,1.5
CsHo9Cd4Se18,1.976529169,2.06
ZnS,3.029483675,3.7042
WO3,3.114299037,2.8
Pb6B2CrO12,2.47109145,1.8
Ge0.6Si0.4,1.002290489,0.9
Ce2Te3,1.031406553,1.31
Cu3YbS3,0.843649167,1.56
Gd2O3,4.702804918,5.3
Sr2V3Se5O18,3.024077688,2.47
Pb0.9Se0.9Ge0.1S0.1,0.376671729,0.32
In6S7,0.608192649,0.845
Pb0.94Sn0.06Te,0.159007145,0.28
MnI2,2.603941178,4.22
Pb17O8Cl18,2.574025314,3.44
HfS2,3.055544401,2.9
As2S5,2.538933194,2.48
BiZn2VO6,2.560364703,2.4
AgFeTe2,0.325764502,0.3675
EuEr2Se4,1.803654348,1.7
Rb2HgP2Se6,2.093617151,2.32
CeN,1.213946692,0.7
Bi2V2Se4O16,2.898007495,2.2
EuN,1.572775665,1.25
K2Au2Sn2Se6,2.233414524,2.28
In0.4Ga0.6P,2.018868476,2.05
Na2ZnGe2S6,2.604660728,3.145
Ba3InS4Cl,3.741372415,3.42
Na2CsSb,1.157318378,0.8
Hg0.1Zn0.9Te,1.771668736,1.785
Ga0.15As0.15Zn0.85Se0.85,2.207203891,2.25
RbCdB3O6,3.326011127,4.2
Cu0.3In1.7Se2.7,1.274481578,1.21
TlCl,2.859127953,3.4182
Zn3B2O6,3.20849009,2.6
EuSb4Te7,0.3819452,0.54
AgBiP2Se6,1.493877868,1.4
Rb3Al3Ge7S20,2.986194086,3.1
Cd0.9Te0.9Al0.1Sb0.1,1.318048313,1.36
Dy4GaSbS9,2.373706865,2.58
BiIO3F2,4.388922477,3.97
Bi0.2Te3Sb1.8,0.361994028,0.28
In0.9P0.9Ga0.1As0.1,1.433515534,1.32
K3Nb2AsSe11,1.416049427,1.53
Bi2Te0.4Se2.6,0.321419429,0.7
LaCuOS,2.85136788,3.12
Fe2Te3,0.863773226,0.47
InSb0.9As0.1,0.196971001,0.27
Bi9O7.5S6,2.379797728,1.27
KNb3Se2O12,3.510632807,3.46
BaZnOS,2.72021977,3.9
GaAs0.75Sb0.25,0.972687519,0.65
K2CuNbSe4,2.461948731,2.14
Pb6Sb6Se17,0.625191711,0.8
Cu2CdGeS4,2.203356831,2.05
Zn3P2S8,2.955210296,3.07
CsCdBO3,3.653346917,2.58
CsLiB6O10,6.746126545,6.89
Li2In2SiSe6,2.251516802,2.54
Pb0.99Sn0.01Se,0.210019913,0.2025
Pb0.7Ge0.3Te,0.383401544,0.48
PbS,0.660394159,0.362071429
HfO2,4.761805404,5.55
Ba2B6O11,6.2661752,5.17
LiPbB9O15,3.978613394,4.75
RbGeB3O7,5.921287712,5.58
Rh2S3,0.814623815,0.8
Li3ScN2,2.047806604,2.9
Na2GeIn2Se6,2.418752874,2.47
Eu7Ga6Sb8,0.828826884,0.6
SnI4,2.574175738,2.38
Cu0.01In1.99Se2.99,1.418416358,1.45
AgAlSe2,2.689967251,2.55
MoSe2,2.013522045,1.6
La2O2ZnSe2,1.926118621,3.4
SrGe2,1.452035802,0.9
Cu3YTe3,0.460255719,0.72
BaHgS2,1.965005116,1.93
In6Se7,0.803803636,0.63875
RbInGeS4,2.819925396,3.1
LiInSe2,2.847566141,2.83
PrB6,3.73236549,4.9
In0.3As0.3Ga0.7P0.7,1.899365112,2.05
Ba2SmTaO6,3.457733865,3.02
As2S3,2.160628564,2.416333333
Gd6Ge2.5S14,2.374967777,2.2
Ba3Sb2S7,1.701202363,2.4
KH2PO4,5.083566636,6.975
RbF,9.96425694,10.4
Sm2Sn3Se9,0.940043032,0.7
SnCl2,3.803411107,3.9
Ba2GaGdTe5,1.040347907,1.12
Bi2Te0.6Se2.4,0.442447043,0.28
CsB3GeO7,5.529922789,5.76
TaN,2.144543202,2.3
Ge0.7Si0.3,0.978770321,0.88
Na2Ti3O7,4.679818948,3.51
Cd3As2,0.322372208,0.2695
ZnIn2S4,2.588880813,2.753
Bi2O2CO3,4.101791651,3.42
K3SmAs2S8,2.178866046,2.2
Ge0.4Si0.6,1.050395759,0.94
Sb2S3,1.884223803,1.709
Bi25TiO39,2.848316846,3.1
LiAsS2,2.334363945,1.6
CdTlS2,1.581107872,1.5
Ge0.9Si0.1,0.946877336,0.8
YbAs,0.933692107,1.02
In4Te3,0.593883481,0.51
Cu2O,1.905731594,2.613333333
HgGa2S4,2.88154524,2.815
TlInTe2,0.439893455,0.666666667
CsYHgSe3,2.311819034,2.54
MnF2,4.125160288,9.9
KBiSiS4,1.501766437,2.25
Mg2GeSe4,3.83618011,2.02
Pb0.75Ge0.25Te,0.335549339,0.44
BaPdSe6,1.194151908,2.15
In0.4Al0.6P,2.2285514,2.3
Li2MnGeS4,1.775616005,3.06
Zn0.01S0.01Ga0.99P0.99,2.215013441,2.25
Ge0.93Si0.07,0.942654686,1.042
Rb3Bi2Br9,2.54204688,2.62
Ag0.2Cd0.75In2.1Te4,0.301479106,0.54
KZrPSe6,1.917258442,2
Na4MgSi2Se6,2.432883454,2.85
OsAsS,1.483049296,1.3
Bi2Te2SO10,3.219099555,3.6
Li2HgGeS4,2.582638048,2.46
La6Sb4S3O12,3.837562696,2.6
MnSi,0.982262817,0.6
GeSe2O6,4.624899993,5.29
CdS0.65Se0.35,2.152100673,2.13
LiBi3O4Cl2,3.126516438,3.35
KAg2SbS3,1.96469874,2.1
Cu3TbSe3,0.861832344,0.16
Sb2O3,3.23266619,3.255
K2Au2SnS4,2.190537784,2.75
La5Cu6.33O4S7,1.405836504,2
SiSn,1.27857916,0.59
CuInSe2,1.162172538,0.951714286
CuN3,3.255240228,4.17
Li2PtO3,2.842244564,2.3
Ge0.774Si0.226,0.961767541,1.503
BaGa2GeSe6,1.900941765,2.515
ZrSe3,1.588710811,1.45
Rb2PtI6O18,2.428355443,2.4
Na2GdP2O8,4.302951727,4.185
Cu2ZnGeSe4,1.311950322,1.63
CsSb,1.476848066,0.705
KSb5S8,2.040145855,1.745
Ga1.1Sb0.9Te0.3,0.785458184,0.7
Ba5Ga2Se8,1.594897463,2.51
HgIn2Te4,0.510019762,1.093333333
KBiS2,1.244445349,0.893333333
ThOTe,1.150779239,1.45
AgN3,3.997538593,3.67
Pb0.999TeTl0.001,0.490679965,0.3
PbCl2,3.664099513,3.953333333
CuInCd2Te3,0.915281801,0.7
AgBiS2,0.607969097,0.9
TlS,1.240702137,1.365
SmCuOSe,2.851590853,2.6
PdSe,0.489266693,0.2
RbBiS2,1.154675666,1.273333333
LaInS2O,3.681128225,2.73
Ba2GaSmTe5,1.36864159,1.04
Na2In2GeS6,2.904409558,3.17
Sr3EuP3O12,4.041353211,3.987
SiAs2,1.750188183,0.88
SrSeO4,5.522545106,4.75
AlB12,2.231387912,2.14
Ga0.99Sb0.99Hg0.01Te0.01,0.877480425,0.72
InPS4,2.754156074,3.12
Cd4Sb3,0.12181603,1.25
Ba2InYTe5,1.192490995,1.36
Sm3Te4,1.389320361,0.51
MgO,6.492737398,7.745
CuFeTe2,0.591042484,0.16
Ag8GeS6,1.278809758,1.18
Na2Te,2.2050846,2.3
LiAlB14,2.11918668,1.935
Zn0.85Hg0.15Se,1.632380257,1.8
GeSe,1.09969552,1.182777778
ErSe2,1.837905752,1.07
Sr3GeSb2Se8,1.573707319,0.75
Gd3.04Sc0.96S6,2.401760349,1.5
In0.5As0.5Ga0.5P0.5,1.528987881,1.55
Pb0.7Ge0.3Se,0.536266276,0.4
K6Nb1.07Ta2.93S22,1.767428014,1.88
IrS2,1.81847405,0.9
GeAs2,1.291022059,1.053333333
Zn0.15Cd0.85Se,2.535832308,2.55
Ca3BiP3O12,3.823458899,4.2
Ba7AgGa5S15,2.232210584,2.6
K10Co4Sn4S17,2.327963165,1.555
Zn0.01Cd0.99Se,2.267835897,2.45
Pb0.93Sn0.07Se,0.2042836,0.075
PbCuSbS3,0.847306564,1.31
SrSe,4.546489583,4.42
SmP,1.49638018,1.09
Pb2N2SeO9,3.785031126,3.76
Eu3S4,2.453039619,1.7
Sr3BiP3O12,4.020412828,4
TiCoSb,0.48199299,0.95
Sr2SmTaO6,3.486824931,3.38
NaBiS2,1.199281694,0.41
Ba2NdGaS5,2.724101608,2.12
Pr2Sr2PtO7.07,1.904251687,3.05
CuGa1.6In0.4S3.5,2.186804906,2.15
ZrO2,3.779000094,4.99
Hg0.7Cd0.3Se,0.909975518,1.1
Cu0.35Ga1.65S2.65,2.56777562,2.55
Bi2SeI2O11,3.606600484,3.7
Ba2InSbSe5,1.962390821,1.92
CaTaO2N,2.934696258,2.4
YbGa2Se4,1.6384342,1.8
Rb4Mo5P2O22,3.127026358,3.51
In0.99As0.99Cd0.01Te0.01,0.646575284,0.76
CsInSnS4,2.427804642,2.9
Mn2P2Se6,0.942806717,2.5
Tl4CdI6,2.182851789,2.8
MnTe9,1.032627913,2
Y2O3,5.919639855,5.6
Cu2WSe4,2.178351479,1.65
Cd3P2,0.58429897,0.5555
RhSe2,0.507013988,0.6
CaSm2S4,3.019561914,2.05
CeMn0.5OSe,0.725369285,2.01
TiS2,1.377377141,1.95
ErN,1.755229475,2.7
BaZnSiSe4,2.255680683,2.71
Pb0.94Sn0.06Se,0.180577604,0.176666667
K6Yb3P5S20,2.924970192,2.6
RbSbS2,2.229186097,2.063333333
SeS,2.260581219,1.9
Pb3B3O10N,3.780356891,3.64
SnGa4Se7,1.534944168,2.55
GaSe,1.989872537,2.083596154
NaIn3Se5,1.838285961,2.17
HgSnO3,3.224441418,1.6
Pb0.9Sn0.1Te,0.173753743,0.16
LiMgBi,-0.03149067,0.4
MnSb2O4,2.146111499,2.65
NaNO2,6.007483869,3.06
Ge0.001Si0.999,1.183396926,1.09
NiP2,0.481206076,0.51
Ba2GaDySe5,2.190233161,2.35
Zn0.4Hg0.6Se,0.871054677,0.46
Ba2InSmTe5,1.255470146,1.36
Rb3NaMo2O8,3.304893578,4.84
TlHg6Se4Br5,2.645166926,2.8
SmIn3S6,1.218565073,1.18
ZnSb,0.68696313,1.083333333
KCeSe4,1.667763343,1.54
CuYO2,3.159863858,3.5
Cu0.8Ga1.2Se2.2,1.677426673,1.58
PbBr2,3.014430473,3.31
CuNbO3,3.037918102,2
Li2Ga2GeS6,3.68655641,3.65
Ba3B1.5S6Sb0.5,2.927250444,3.01
Ba2Sb7O14H,3.30116533,2.7
Cs2P2Se8,2.245918007,2.44
Ba2B4O9H2,6.142266555,5.12
VFeSb,0.470579487,0.46
K2CuVS4,1.651809135,1.82
SnS0.99Se0.01,1.266151627,1.095
La2Sr2PtO7.13,3.169404266,2.52
K2MnSn2Se6,1.272340215,2
Cu0.4Ga1.6S2.6,2.559216454,2.475
Ba2InErTe5,1.30913063,1.35
GdH2NO5,4.351771134,4.84
Tl4GaIn3S8,1.66258264,2.63
In2Bi3Se7I,1.023555446,1.38
Cu3GdSe3,0.584579889,0.14
Na2In4SSe6,2.027988539,1.92
Be3N2,5.279726631,3.8
Rb3Nb2AsSe11,1.420360199,1.5
K2HgP2Se6,2.332459186,2.25
LiAsSe2,1.245289784,1.236666667
SbSBr,2.120678172,2.2
Ag7AsSe6,0.972125721,1
Hg3PS4,2.442398212,2.03
CuGaGeSe4,1.64750243,1.38
Li2CdGeS4,2.71376056,3.1
Pb6BBrO7,3.320013179,2.84
CuGa3Te5,0.909638752,1.092
K2Sn3Sb2S10,1.959248617,2.3
LaZnAsO,2.877107428,1.5
KAlGeS4,3.329487412,3.5
DyTe1.45,0.648058781,0.6
Ba2InNdTe5,1.253055962,1.37
CsBiS2,1.323718766,1.416666667
La2CoTiO6,1.210887366,1.02
K3CdB5O10,4.184368857,3.47
LiGaGe2Se6,2.001830427,2.64
Rb2TeI6,1.430398584,1.4
CuGa2Se4,1.626775761,0.63
RbTa3Te2O12,3.72145171,3.88
Ce2GeSe5,1.101550578,1.7
Cs2PtI6O18,2.593256688,2.4
Zn0.7S0.7Ga0.3P0.3,2.697650145,2.45
TlCr5S6Se2,0.84613423,0.94
Zn0.65Hg0.35Se,1.164513142,1
Rb2Cd3S4,2.68413457,2.92
TcS2,1.367154529,1
RbCl,8.048166789,8.278
CsCaBO3,3.973346404,4.065
Zr6O,1.38085688,0.18
BaGa2GeS6,3.714819237,3.245
GdB6,3.414329369,3.6
Ba3Ta2Se9,0.498675984,1.6
TaGaSe2,2.103392588,2.0585
InSb0.1As0.9,0.244699307,0.14
TlGaSe2,1.511269244,1.65
TlBiTe2,0.406542347,0.12
Ag2GeTe3,0.809561643,0.16
MnTe,0.838697294,1.3
Cs5P5Se12,2.561930613,2.17
Ba3FeS4Br,2.277952196,1.65
Pb0.6Ge0.4Te,0.47988072,0.51
Ga0.4As0.4Zn0.6Se0.6,1.821856354,1.8
MnVTe2O8,2.024913077,1.9
Cs2TeBr6,2.290801127,2.12
CsInSn2Se6,1.577271572,1.78
Sr2Be2B2O7,6.309275219,8
Sc2S3,3.751783229,2
TaON,3.60885691,2.6
EuIn2Te4,0.810127807,1.22
InAsI,2.138954815,0.41
K2La2Sb2S9,2.65154581,2.2
AgIn5Te8,1.206042483,0.47
Cs2TeI6,1.450303599,1.5
HgSe,1.390685611,0.241666667
GaAs0.7P0.3,1.774748172,1.8
NaSbTe2,0.592888436,0.47
KTbSe4,1.865689947,1.65
SrTaO2N,2.531250274,1.99
BaS,3.906974156,3.89
Tl2InGaSe4,1.69125697,2.05
EuLu2Se4,1.706256691,1.7
CuNiC4N4,2.290352642,2.7
CsH3Se2O6,4.934758289,4.77
Cu2CdGeSe4,1.504401945,1.2
HgCl2,3.830396944,4.45
KAg11V4O16,2.626477243,2
Na2BaSnS4,2.126107663,3.27
In4Se3,0.416148012,0.645
TlCuCl3,2.52687392,2.98
Pb0.83Sn0.17Te,0.139226832,0.15
Rb2TiCu2S4,2.21132486,2.19
SnS2,1.893996403,2.43
InSnAsSe,0.121976065,0.26
Li6Rb5B11O22,5.602025421,6.53
Ga0.99P0.99Zn0.01Se0.01,2.222667485,2.24
CsZn4In5Se12,1.777536095,1.61
K2AuI5O15,2.501042076,2.65
Sn2WO5,2.962568604,2.597
Li2ZnGe,1.025433016,1.1
Cu3AsS4,1.620536167,1.36
Sm3Al0.33SiS7,2.145569119,2.26
Bi12GeO20,3.254526963,3.25
CuGa2S3.5,2.286492308,2.42
CdBiO2Cl,3.031499553,3.08
LiIO3,4.383069857,4.185
SmSb,0.472498655,0.59
Bi2Se3,0.803425597,0.375
Mn15Si26,0.620016422,0.701
Zn0.99Cd0.01Se,3.178455369,3.65
CuBiP2Se6,1.279096157,1.2
Ga0.8In0.2As,0.957376259,1.07
CuSbSe2,0.702346473,1.05
PbSeO4,3.867053089,4.3
IrAs2,0.542428371,1
Ba3Tb2P4S16,3.043372774,3.37
TeI4,2.051546862,1.1
Hg3S2Bi2Cl8,3.140330027,3.26
Ba2GaBiTe5,0.850460939,1.43
TlCr5S5Se3,0.842589107,0.89
K8Zr6Se30,1.888895596,1.86
SiTe2,2.023867731,2.015
CsHgInS3,2.462354836,2.3
Ba3GeS5,2.023882186,3
Nd2O3,3.491083651,4.4
Ba2InErSe5,1.994265819,2.29
GeAs,0.921723376,1.37
Cu3DySe3,0.216164277,0.2
Ba2GaErSe5,2.019683678,1.95
In0.01Al0.99P,2.848597324,2.4
Rb2Cu2Sb2S5,1.406527942,1.6
Rb2Cd3Te4,2.370714383,2.3
Pb0.96TeGa0.04,0.436459464,0.37
Rb1.54Cd1.54Bi2.46S6,1.495841305,1.33
Li2GaGe2Se6,3.040419181,2.64
PrFMoO4,3.093827302,3.64
CuPbBiS3,0.862892954,0.12
TcSe2,1.04641059,0.88
Y4GaSbS9,1.969830447,2.06
Ga0.95Sb0.95Zn0.05Te0.05,0.932097885,0.85
Ga2O3,5.105006132,4.47
BaCuSbSe3,1.579416607,1.6
CsZrPSe6,1.863986366,2
GaHSeO4,4.628817023,5.51
In2Se,0.728274733,0.722666667
Fe2TiSi,0.217916498,0.4
Pb7Bi4Se13,1.02020435,0.29
Ag0.5Eu1.75GeS4,2.41974193,2.14
LaIn3S6,1.175408583,1.03
CuGaS2,2.252913415,2.442857143
Sn0.5GaZn5.5O8,2.965376113,2.99
Bi2Te2Se,0.168062409,0.3
Hg7.5As4Cl6,2.030672278,1.727
CsPSe6,2.059580847,1.9
ErTe,1.167291203,0.9
SmTe,1.700959624,0.378
PbSbBS4,2.913279666,1.803
Mn2.04Gd1.47In0.49S5,1.598883421,1.75
BiSCl,2.571879702,1.91
CsKP2Se8,2.618202287,2.36
AgTlTe2,0.535786045,0.1
Ga0.99As0.99Zn0.01Se0.01,1.28451252,1.39
InSb0.4As0.6,0.199537793,0.1
Pb0.85Sn0.15Te,0.154880716,0.15125
CdSiAs2,2.029766121,1.524
Rb2BaNb2Se11,1.380399133,1.53
Sm4InSbS9,1.981472687,2.13
EuAl2O4,5.125273249,2.74
Hg0.99Cd0.01Se,1.230089224,1.72
LiRbCO3,4.856252187,6.28
ZnMoSb2O7,3.933992235,3.3
NaBr,7.610742846,7.261666667
Ge0.97Si0.03,0.922297846,0.67
CuGaInS3.5,1.950195916,1.84
Zn0.75Hg0.25Se,1.354675399,1.4
TlN,1.64143888,1.4
BaGa2SiS6,3.499834402,3.75
TlSbTe3,0.65997488,0.38
Ge0.1Si0.9,1.145506523,1.04
K2Bi8Se13,0.500732566,0.53
Cu0.9In1.1Se2.1,1.074165684,1.06
TlAsSe2,1.152649609,1.375
Ga1.001Sb0.999Te0.003,0.700072668,0.72
Cd12Ge17B8O58,3.48496057,4.29
Bi2Te2.7Se0.3,0.193725466,0.206
Si3N4,3.672727806,5.1
CsCdInSe3,2.565605377,2.4
GdN,2.003971364,1.54
TeSe3,1.237560686,1.635
RuSb2,0.306170968,0.3
MnSb2Se4,1.311457964,0.31
PtP2,0.724780705,0.7
HgGa2Se4,1.309010785,1.95
Cs3Bi,1.577189234,0.625
EuS,1.781594703,1.661666667
Ge0.891Si0.109,0.90275914,1.126
Ba4AgGa5S12,2.114214474,2.52
Ba4Ga2S8,3.02164494,2.55
ReS2,1.268385749,1.143333333
LaSi2,1.158853504,0.19
Cd0.95Te0.95Al0.05Sb0.05,1.259559376,1.37
SrNd2S4,2.610930231,2.45
Bi2Te0.3Se2.7,0.419683478,0.24
Ba2GaGdSe5,2.016540947,1.87
Gd2Mn4S7,2.11709331,1.44
Bi38ZnO58,2.91872513,2.88
In0.9As0.9Cd0.1Te0.1,0.657964067,0.69
Li4.5Fe0.5TeO6,2.142054247,3.25
YbSb2S4,1.517602466,1.12
Na2KSb,0.84350117,1.05
TlN3,2.613387135,3.58
Ca2ScSbO6,4.093949673,3.68
InSb0.01As0.99,0.271347137,0.17
CsLu7S11,2.054298079,1.86
La3Mg0.5SnS14,1.774154087,1.71
Rb2CuVS4,1.784011458,1.85
Cs2Sb,1.353246375,0.62
HgIn2S4,1.535989754,2
K2Nd2Ti3O10,3.125098406,3.25
Rb3Ag9P4S16,1.908343432,2.6
K0.6Cs0.4PSe6,2.111536565,2.1
Li4HgGe2S7,2.86545751,2.75
GeSe2,1.320284305,2.38125
EuGa2S4,2.559495875,2.25
HgO,2.558673701,2.347
FeIn2Se4,0.398333052,1.15
Pb2BO3Cl,3.186532137,3.99
B2O3,5.151784384,4.895
Cu2ZnGeS4,2.26888234,2.1
CeTaN2O,1.409817829,1.9
Cu0.35Ga1.65Se2.65,1.854993536,1.81
TlCr5S8,0.901271335,1.01
SrTe,3.397702529,3.75
MnO2,3.135265451,1.3
Ga0.99In0.01As,1.170556617,1.4
Li3PS4,3.680835724,3.68
Pb0.94Se0.94Sn0.06Se0.06,0.179755277,0.2
Cs2HgI2Cl2,3.607109992,2.15
Rb2Cu2Sn2Se6,1.312996258,1.04
CuI,2.939181437,3.0264
Cu0.99In1.01Se2.01,1.078693589,1.08
GaAs0.65Sb0.35,0.817980357,0.68
In0.99As0.99Ga0.01P0.01,0.517883372,0.3
Pb0.92Sn0.08Te,0.155306028,0.145
BeSe,3.857712626,4
SrZrS3,2.621357341,0.9
Ga1.01Sb0.99Te0.03,0.705328652,0.68
Ge0.999Si0.001,0.93289366,0.65
TiTlS2,1.145044027,1
Ba3B1.5S6Bi0.5,2.57708275,2.43
CdP2S4,3.608676023,3.76
Na2Zn3Se4O12,2.961193207,4.9
KPbB5O9,5.091922727,3.1
CsLaHgSe3,2.188194004,2.485
Ru2Ge3,0.124414947,0.43
Pb0.85Se0.85Ge0.15S0.15,0.481011794,0.34
EuYb2Se4,2.009973669,1.3
CrO2,2.977380557,0.23
Hg0.1Cd0.9Se,0.494791745,0.35
Zn0.8Hg0.2Se,1.600266369,1.4
Gd2Se3,1.646451996,2.2
Na2RbSb,0.960763114,1
K2TeI6,1.770235669,1.38
Ga1.002Sb0.998Se0.006,0.662906464,0.698
Pb0.97Sn0.03Te,0.189420674,0.255
Rb2CdBr2I2,4.580255038,3.35
PbSnS3,1.35623624,0.975
Ag3AsS3,1.289521715,2.07225
In0.98As0.98Cd0.02Te0.02,0.659815885,0.73
Ga2Te3,1.054973369,1.4
Sm1.82Lu2.18Se6,1.726835791,1.51
NaSbSe2,1.145800394,1.386666667
MgTe,3.486888622,3.6
LuIn3S6,1.495444258,1.27
NaCdAsS3,1.652301733,2.93
Rb4Ag9Sb4S12,2.400464895,2
Nd1.33Lu0.67S3,1.423298539,1.5
Cu4Sn7S16,1.49328212,0.8
Ag2PdO2,1.262332862,0.18
EuVO4,2.511812081,3.35
PbGeS3,2.031799806,2.4
Hg6As4CdBr6,2.094569245,1.915
CsCeHgSe3,2.500391992,1.94
EuCu2SnS4,0.587190107,1.85
Rb2TiAg2S4,2.089080977,2.33
La3GaGe0.5S7,2.469765407,2.54
EuHo2Se4,2.008087577,1.8
Ga0.8Sb0.8Zn0.2Te0.2,0.889945283,1.15
Pb0.99Ge0.01Se,0.296843032,0.27
Cu0.05Ga1.95Se2.95,1.870360239,1.96
YbClWO4,3.565454399,4.23
La3FMo4O16,3.167014767,3.7
Rb9Bi13S24,1.411326132,1.3
AgCl,2.295018835,5.13
YVSeO10,3.433417478,2.7
KTi2F7,4.927863829,6.4
Eu2SnSe5,1.082076954,1.07
KIO3,4.785748021,3.8575
Pb0.99Sn0.01Te,0.169903924,0.23
Bi2O3,2.164465115,2.855
La1.86Tb1.14Ga1.67S7,2.045408929,2.67
Ce2YbCuSe5,1.218650937,1.05
Al2Te3,2.303525675,2.35
MgSe,4.906870258,5.743333333
K2CuNbS4,2.528509251,2.82
YbSnTe2,0.785041687,0.75
Na2Se,2.907304378,2
Bi3TeBO9,3.361871908,2.6
LiZnBO3,4.051085579,3.1
K4Sn3Ce3S14,2.076698897,2.46
CuTlSe2,0.540805824,1.07
K3Ta2AsS11,2.39654289,2.21
NaSmP2S6,2.449778777,2.54
Cu2GeSe3,0.964137282,0.975
LiPbSb3S6,1.036686866,1.6
K2AgVS4,1.838993158,1.85
Pb0.9Ge0.1Te,0.264918417,0.35
Bi2Te2.4Se0.6,0.179117602,0.26
BaRh2Ge4Se6,1.153686212,1.089
PbSe0.9S0.1,0.289589586,0.272
CsCd4Ga5Se12,2.172731947,2.21
BaSbBS4,3.641766023,2.34
YbS,2.018790383,1.135
CdI2,3.865283578,3.8
Se0.4Te0.6,0.965660704,0.7
FeP4,0.342288584,0.32
Li2MoTeO6,3.428791069,3.5
CsInSe2,2.814571894,2.81
Bi12TiO20,3.268827819,3.09
PdS2,0.982609476,0.75
CdS0.99Se0.01,2.3631584,2.4
Na3MoO4F,4.508011727,4.77
AgLi0.33Ti0.67O2,3.363442755,2.7
K2CsSb,1.276351217,1.1
Pb0.96TeTl0.04,0.439839193,0.57
RuSbSe,0.649376166,0.9
RbYTe2O6,4.0364004,3.6
HgIn2Se4,1.255645442,0.6
Ba12In4S19,2.707012965,2.56
LaF3,6.13661868,6.6
PdPS,0.588658916,1.39
La5In3S9O3,2.000195025,2.6
Pb0.95Ge0.05Se,0.304484805,0.28
CdGa2S4,3.247925633,3.42
TeI,1.675338277,1.1
PdPAs,0.211854566,0.45
NaScSe2O6,4.277349417,5.5
AgSO4,3.322043509,0.18
CdBr2,4.268477357,4.47
Cs8Ga8Si38,0.998556317,1.14
SiB3,2.586188188,2
In0.7P0.7Ga0.3As0.3,1.449673473,1.58
Li0.2Na0.8AsSe2,1.485831001,1.645
NdF3,5.897166582,6.15
Ga1.02Sb0.98Se0.06,0.663059743,0.63
Cu0.1Ga1.9S2.9,2.584499156,2.625
In0.3Ga0.7P,2.098540766,2.2
Hg0.63Cd0.37Te,0.23882393,0.35
AgGaO2,3.439286257,2.2
Hg0.3Cd0.7Se,0.510461034,0.55
ZnI2,4.646332606,4.53
Hg0.2Zn0.8Te,1.499712515,1.43
Ga2S3,2.814819023,2.83
OsPSe,1.268151421,1.4
YH2NO5,5.093153992,4.83
MoTe2,0.508879678,1.126666667
Cs2SnP2Se6,2.232765179,2.06
BaLa2In2Se7,1.63968835,1.66
Ga0.7In0.3As,0.882281168,1
Bi1.8Te3Sb0.2,0.11670244,0.15
CsInGeS4,3.086337566,2.25
In0.5P0.5Ga0.5As0.5,1.51427898,1.75
Bi25GaO39,3.238262246,2.99
Cs4Cu3Bi9S17,1.37999397,0.75
PAs,1.623962512,0.23
Rb4GeP4Se12,1.881489145,2
YbTe,1.228287256,1.8
PbCrO4,1.495665432,2.25
CuFeS2,0.804585131,0.486666667
Cs1.43Cd1.43Bi2.57S6,1.339568601,1.28
SbSeI,1.595270611,1.72
Pb0.8Ge0.2Te,0.306793363,0.4
CuGaSe2,1.539054152,1.613333333
Na2CdSnS4,3.364660849,2.52
Cu2P2S6,2.092201936,2.2
Mn11Si19,0.469143071,0.74
K3Ti2P5S18,2.546830165,1.61
CsScSe2O6,4.815938653,5.2
Rb2Te,2.386810039,4.5
Nd2YbCuS5,1.576893329,1.35
Ta0.67Zr1.33O1.38N1.97,2.06703156,2.31
AgGaS2,2.466675079,2.655
HfSe2,1.74110612,2.2
K4GeSe4,1.788931627,0.64
AgScO2,2.722252127,3.8
Mg3B50C8,1.481315766,2.7
Pb0.999Se0.999Bi0.002Te0.003,0.307708701,0.79
TlScSe2,1.143934119,0.79
Na2ZnGe2Se6,2.412845533,2.36
Ba2In2Se5,2.293347388,2.12
Hg3ZnS2Cl4,2.628235347,2.65
Ag3Ga3SiSe8,1.2252085,2.3
Li4.5Ga0.5TeO6,4.600522421,4.99
TlHgInS3,1.83093967,1.74
La2O3,4.204738035,5.4
RbCd4In5Se12,1.796121676,1.57
Li3Cs2B5O10,6.591003417,7.3
NaInSe2,2.638624042,2.8
K2CeP2O8,4.000046842,2.46
Pb0.85Se0.85Sn0.15Se0.15,0.140099999,0.22
Cu3AsSe4,1.085210847,0.765
ZnGeAs2,0.885519647,1.103333333
BeS,4.736799218,4.17
K1.25Pb3.5Bi7.25Se15,0.546310485,0.53
Hg0.06Zn0.94Te,1.863807115,2.075
CsGeI3,2.364928933,1.6
Ba3EuP3O12,4.479470582,4.091
ErIn3S6,1.223427624,1.28
Li2B6,2.935509236,2
In0.96As0.96Cd0.04Te0.04,0.657548281,0.69
K10Fe4Sn4S17,2.349312649,2.2
Cd4P2Br3,2.030632769,2.19
Ca2CdAs2,1.498279621,0.95
AsSeI,2.275425138,1.76
Pb0.95Ge0.05Te,0.250591713,0.34
KNb3Te2O12,3.29866198,3.52
Na8Al8Si38,1.388332939,0.64
K2Ge3B2O10,5.777881781,5.38
ZrS2,2.052859816,2.75
Ga0.8Al0.2P,2.322093803,2.3
In0.9As0.9Ga0.1P0.1,0.617955114,0.45
Ta2O5,3.579964393,4.2
TlSbSe2,1.000399412,0.82
Bi2Te0.45Se2.55,0.398849051,0.2
Co2Te3O8,1.486715241,3.6
RbNb4Br11,2.342869268,0.46
Na4MgGe2Se6,2.068471016,2.53
RbNbSe2O7,3.886010017,4.1
PbGa2S4,2.761182334,2.38
CsAgSb4S7,1.570312655,2.04
NdTe2,1.167454929,0.48
AlP,3.005237309,2.796818182
LiCl,7.69293659,9.33
ZnAs2,1.211544413,1.026666667
CuGa3Se5,1.24615389,1.816666667
Lu2CrS4,1.278499087,1.75
Ba2GaErTe5,1.136528696,1.15
Li3AlP2,2.112091781,2.75
CsGaS3,3.740037911,3
Ga0.6Al0.4P,2.522355968,2.35
Ba2InSmSe5,2.280648955,2.22
YbSb,0.95854898,1
NaYTe4O10,3.65977667,3.9
Rb3Al3Ge7Se20,1.886159168,2.4
K8Al8Si38,1.143495446,1.4
Sm2ZrSe5,1.97594982,1.41
YbB66,1.026244138,1.27
Ba4AgInSe6,2.316779028,2.41
Ga0.99Al0.01P,2.311423741,2.27
CrTe2,1.303027752,0.17
SbTeI,0.82209718,1.265
Rb2Hg3Sn2S8,2.269817451,2.48
Pb0.92Sn0.08Se,0.199165506,0.059
PrLuSe3,1.501112944,1.56
Zn0.9S0.9Ga0.1P0.1,2.880295154,2.8
K4GeP4Se12,1.878149946,2
PbBiO2Br,2.5079479,2.385
Ba3BSbSe6,2.04448492,1.89
Pb3Cl4TeO3,3.296325585,3.79
La2V2IO9,2.481111119,3.63
Pb6B2MoO12,2.286431163,2.9
Li2FeSnS4,2.376720372,1.86
K4GeS4,2.092761981,0.8
GaAs0.1P0.9,2.194754127,1.22
ZnTe,2.228970042,2.288333333
KScSe2O6,4.723842928,5.4
Cu0.5Ga1.5S2.5,2.553032933,2.445
LiCdBO3,3.280293959,4.28
BeO,5.567153433,10.39
Cu0.01Ga1.99Se2.99,1.942188603,1.99
K10Sn3P8Se24,2.46668082,1.82
Ge0.542Si0.458,1.015826266,2.238
Rb2AgPS4,2.467687853,2.6
Ag2GeSe3,1.24944308,0.905
PbSbO2I,2.262116051,2.48
Li4.5Cr0.5TeO6,2.998290016,1.79
LiInSnS4,2.501816064,2.3
HoN,2.347185855,1.856666667
Cs2MgGe3Se8,2.104400867,2.04
Pb0.9Se0.9Bi0.2Te0.3,0.29716562,0.25
Bi2Te0.03Se2.97,0.596958944,0.27
Sn2BiSI5,1.34017495,1.32
Hg4As2HfCl6,2.767964954,2.47
CsYbZnSe3,1.94282177,2.035
Nd2Te3,0.712597373,1.12
SnSe,0.922687204,0.991666667
Tl2TeS3,1.465971166,1.6
K2Al2B2O7,5.951621797,6.89
AlSb,1.493732171,1.6518
K2Gd2Sb2Se9,2.005925604,1.33
Zn0.9Hg0.1Se,1.88855242,1.75
Ga1.1Sb0.9Se0.3,0.834066716,0.67
Cu2ZnSnTe4,0.733899299,1.39
Sr2V2Se3O15,2.659660488,2.96
Fe2O3,2.003373405,2.2
Ge0.88Si0.12,0.950020597,0.84
Al0.74Gd3Si0.7S7,2.644536571,2.34
BaIr2Ge4S6,0.982244606,1.539
CsGaSn2Se6,1.925321126,1.87
ZnIn2Te4,1.395647709,1.873333333
Bi2Cu0.96Se3I,0.954751855,0.68
Se2B2O7,5.312627968,4.64
Ag2HgI4,2.121245169,2.47
K4P8Te4,2.192748508,1.4
Ba2InNdSe5,2.145987568,2.2
BaZn2As2,1.359363455,0.23
K2Hg3Sn2S8,2.456373852,2.45
KInSnS4,2.651231625,2.3
KInS2,3.150394819,3
Na0.5Pb1.75GeS4,2.178999338,2.08
Rb3Sb,1.235938786,1
PbN6,3.988174455,3
La4FeSb2Se10,1.273850254,0.85
Cd4Sb2I3,2.191638467,1.83
Hg3Te2UCl6,2.05502503,2.6
Cd4P2I3,2.068999639,2.17
BaSe,3.828348298,3.626666667
Sb5O7I,2.838886304,1.95
Pb0.93TeGa0.07,0.47478087,0.34
CI4,2.489179428,2.26
Tl6CuTe2O10,2.508844555,2.3
PbSe0.99S0.01,0.279507372,0.255
TlInSe2,1.057253958,1.206363636
KSb,0.896424824,0.9
CdSc,0.231437377,1.714
LiMoIO6,3.752699128,2.8
Cs2Hg4.65Cd1.35S7,1.747757392,1.84
InSb0.6As0.4,0.205891067,0.13
Bi2Te0.1Se2.9,0.451008544,0.78
Mn1.95GdIn1.05S5,1.537900728,1.66
Pb0.999TeIn0.001,0.432091848,0.3
LaVI5O16,2.98513009,3.58
Ca6Bi6O15,2.735785541,3.34
In0.2P0.2Ga0.8As0.8,1.546263218,1.58
La2GeSe5,1.621460868,1.24
Zn0.43Cd0.57Se,2.907336553,2.85
Ca3Sb2,2.012572685,1.4
Ga0.5In0.5As,0.713511027,0.75
K2Te,2.732767814,1.9
CuGa0.4In1.6S3.5,1.675627989,1.55
Ga0.8Sb0.8Cd0.2Te0.2,0.886691138,0.8
CsSbSe2,1.971808507,1.7
Ce3LuSe6,1.616724568,1.1
Ag2SnSe3,0.782493061,0.783333333
RbCd4Ga5Te12,1.558703871,1.64
K2Sm2Ti3O10,2.967100797,3.26
Ba2InGdSe5,1.993379875,2.24
Pb0.99TeTl0.01,0.439643471,0.59
Sm2S3,1.503935465,2.98
In0.4P0.4Ga0.6As0.6,1.484219932,1.74
YbSe,1.889659232,1.5
InSb,0.163434128,0.220631579
RuPAs,1.060856082,0.8
Cs4Th2P6S18,2.519497772,2.8
YN,2.438831877,1.9
Hg0.8Cd0.2Se,1.136759253,1.116666667
BaClBF4,6.024164195,6.89
SrS,4.423407487,4.78
Al2Se3,3.327473689,3.125
Ag2VI3O11,2.422204269,2.16
SrBiO2Cl,3.627716916,3.52
As2S6,2.604470273,2.35
MnAl3,1.354869199,0.58
MnO,2.368913388,3.6
In0.9Al0.1P,1.549362179,1.5
Rb2Cu2Sn2S6,1.54406563,1.44
Bi2Te2.97Se0.03,0.221647226,0.1525
Mg3As2,2.23922681,2.45
Ba3Gd2P4S16,3.206725109,3.41
Cs2Bi2Cd2S5,1.645952175,1.7
Er3Te4,0.799368637,0.9
KCu2SbS3,1.608359468,1.615
InN,2.360710714,2.13
NaSbS2,1.33202816,1.64
Na2CdGe2S6,3.440502696,2.89
CuZn2InTe4,1.216938041,1.05
SmB66,1.316096211,0.8
Rb4Ge3B6O17,5.148872097,5.42
KPbPO4,4.184023726,4.44
RuP4,1.135120397,0.51
TeO2,3.246333277,3
Ba6Al4B14O33,4.970207519,3.44
Pb0.95Se0.95Sn0.05Se0.05,0.187508921,0.205
BiSI,1.212062046,1.593333333
TlScTe2,0.193721491,0.85
Er2Mo3O12,2.326133479,1
La3CuGaSe7,1.674650569,1.36
Cr3Se4,0.430641284,1.59
TiO2,4.284611985,3.3
YbSb4Te7,0.368562366,0.22
CdGeP2,2.011663305,1.726666667
Ag0.4Cd0.2In2.4Te4,0.433101638,0.42
KAu5PS8,1.953650418,2.14
CuP2,1.901385135,1.453333333
Cu3ScSe3,0.535101149,0.3
GaAs0.86Sb0.14,0.962242773,0.66
CuZr1.86S4,2.198886387,1.26
Tl2SeAs2Te3,0.675779993,0.67
FeAsSe,0.10954919,0.6
Ag2SnS3,1.350388646,1.353333333
WSe2,1.298616467,1.465
Li2WTeO6,4.50923254,4
Hg0.08Zn0.92Te,1.834019935,1.9
FePS,0.61062464,0.25
Ce2Ge2Se7,1.265042773,1.1
CdF2,5.136681213,6
Ho2HfS5,2.838516301,1
YVTeO10,3.048920018,2.2
NaGaGe3Se8,2.465903768,2.35
Pb2MnO4,1.463954815,1.5
Zn0.55S0.55Ga0.45P0.45,2.555505625,2.35
Cu3NbSe4,1.20022802,2.45
Hg6.5As4CdCl6,1.919437581,1.955
Cd3MoTe2O10,3.392155517,3.81
CaO,6.573464616,7.0034
RbMn4In5Se12,1.690112479,1.76
SnI2,2.273228046,2.4
NiS2,1.117639015,0.64
Cd4YB3O10,3.204951797,3.78
BiSeBr,1.731885072,1.666666667
GaBi,0.312929867,0.1
ZnTc,1.257293996,2.37
Cd8B5O15F,4.346565442,3.14
Yb4Sb2S11.25,1.942749781,1.71
KAsSe2,2.038421385,1.625
EuSb2Se4,0.725750912,0.95
CuBS2,2.613987456,3.61
Rb2CsSb,1.219444438,1.5
K2FeGe3Se8,1.595048399,1.95
Tb4Al2O9,1.928268831,4.59
BaAuI5O15,2.646692395,2.32
Zn3P2,1.388953577,1.175
La4InSbS9,2.128254794,2.07
Cs2Ga2Se5,2.181159197,1.95
